{"cameraMode":{"drawMode":0,"name":"Shaded","section":"Shading Mode"},"sceneLighting":true,"audioPlay":false,"sceneViewState":{"m_AlwaysRefresh":false,"showFog":false,"showSkybox":false,"showFlares":false,"showImageEffects":false,"showParticleSystems":false,"showVisualEffectGraphs":true,"m_FxEnabled":true},"in2DMode":false,"pivot":{"x":7.962304592132568,"y":-65.14019775390625,"z":12.138710021972657},"rotation":{"x":0.5717179179191589,"y":0.0038891786243766548,"z":-0.0011790120042860509,"w":0.8207414150238037},"size":69.01226806640625,"orthographic":false}